{"cameraMode":{"drawMode":0,"name":"Shaded","section":"Shading Mode"},"sceneLighting":true,"audioPlay":false,"sceneViewState":{"showFog":true,"showMaterialUpdate":false,"showSkybox":true,"showFlares":true,"showImageEffects":true,"showParticleSystems":true},"in2DMode":false,"pivot":{"x":-1.9302325248718262,"y":-1.7592451572418213,"z":7.58585262298584},"rotation":{"x":-0.20422208309173585,"y":0.12209787219762802,"z":-0.02568144164979458,"w":-0.9709407687187195},"size":9.498785972595215,"orthographic":false}