{"cameraMode":{"drawMode":0,"name":"Shaded","section":"Shading Mode"},"sceneLighting":true,"audioPlay":false,"sceneViewState":{"showFog":true,"showMaterialUpdate":false,"showSkybox":true,"showFlares":true,"showImageEffects":true,"showParticleSystems":true},"in2DMode":false,"pivot":{"x":-2.3575687408447267,"y":-0.37580031156539919,"z":1.1814155578613282},"rotation":{"x":-0.11727748066186905,"y":0.6414831280708313,"z":-0.10011085867881775,"w":-0.7514806985855103},"size":4.97425651550293,"orthographic":false}